id,parent,valor,lab,color_code,infoLA,inst,texto_est
ASF_1,Eje 1,5,ASF,#8FD561,,,
CC del SNA_1,Eje 1,6,CC del SNA,#8FD561,,,
CJF_1,Eje 1,18,CJF,#8FD561,,,
Comisión Nacional Bancaria y de Valores (CNBV)_1,Eje 1,7,Comisión Nacional Bancaria y de Valores (CNBV),#8FD561,,,
INAI_1,Eje 1,5,INAI,#8FD561,,,
Secretaría de Agricultura y Desarrollo Rural (SADER)_1,Eje 1,2,Secretaría de Agricultura y Desarrollo Rural (SADER),#8FD561,,,
Secretaría de Energía_1,Eje 1,2,Secretaría de Energía,#8FD561,,,
Secretaría de Seguridad y Protección Ciudadana (SSPC)_1,Eje 1,2,Secretaría de Seguridad y Protección Ciudadana (SSPC),#8FD561,,,
SEGOB_1,Eje 1,1,SEGOB,#8FD561,,,
SESNA_1,Eje 1,8,SESNA,#8FD561,,,
SFP_1,Eje 1,40,SFP,#8FD561,,,
1.1_SHCP ,SHCP_1,3,Est. 1.1,#B4E395,SHCP reportó 3 acción(es) a lo largo de <br>3 línea(s) de acción en esta estrategia.,SHCP,"Impulsar, entre las instancias anticorrupción federales y locales, acciones sistemáticas de coordinación y difusión que permitan a las autoridades competentes prevenir, investigar, substanciar y sancionar faltas administrativas."
1.2_SHCP,SHCP_1,3,Est. 1.2,#B4E395,SHCP reportó 3 acción(es) a lo largo de <br>1 línea(s) de acción en esta estrategia.,SHCP,"Identificar procesos a cargo de las autoridades competentes en la investigación, substanciación, determinación, resolución y sanción de faltas administrativas graves y no graves susceptibles de armonización a nivel nacional mediante el desarrollo e intercambio de información."
SNT - INAI_1,Eje 1,2,SNT - INAI,#8FD561,,,
SRE_1,Eje 1,12,SRE,#8FD561,,,
TFJA_1,Eje 1,4,TFJA,#8FD561,,,
1.1_ASF,ASF_1,1,Est. 1.1,#B4E395,ASF reportó 1 acción(es) a lo largo de <br>1 línea(s) de acción en esta estrategia.,ASF,"Impulsar, entre las instancias anticorrupción federales y locales, acciones sistemáticas de coordinación y difusión que permitan a las autoridades competentes prevenir, investigar, substanciar y sancionar faltas administrativas."
1.2_ASF,ASF_1,1,Est. 1.2,#B4E395,ASF reportó 1 acción(es) a lo largo de <br>1 línea(s) de acción en esta estrategia.,ASF,"Identificar procesos a cargo de las autoridades competentes en la investigación, substanciación, determinación, resolución y sanción de faltas administrativas graves y no graves susceptibles de armonización a nivel nacional mediante el desarrollo e intercambio de información."
2.1_ASF,ASF_1,1,Est. 2.1,#B4E395,ASF reportó 1 acción(es) a lo largo de <br>1 línea(s) de acción en esta estrategia.,ASF,"Fortalecer los mecanismos de comunicación entre las instituciones encargadas de prevenir, detectar, investigar, substanciar y sancionar faltas administrativas y delitos por hechos de corrupción, con las autoridades fiscales y otras que podrían intervenir en materia de inteligencia financiera."
1.1_SFP,SFP_1,7,Est. 1.1,#B4E395,SFP reportó 7 acción(es) a lo largo de <br>3 línea(s) de acción en esta estrategia.,SFP,"Impulsar, entre las instancias anticorrupción federales y locales, acciones sistemáticas de coordinación y difusión que permitan a las autoridades competentes prevenir, investigar, substanciar y sancionar faltas administrativas."
10.1_SHCP,SHCP_1,1,Est. 10.1,#B4E395,SHCP reportó 1 acción(es) a lo largo de <br>1 línea(s) de acción en esta estrategia.,SHCP,"Desarrollar mecanismos de seguimiento y transparencia proactiva que permitan conocer los distintos procesos de procuración e impartición de justicia, en aras del fortalecimiento institucional y de una mayor incidencia social."
1.1_SRE,SRE_1,1,Est. 1.1,#B4E395,SRE reportó 1 acción(es) a lo largo de <br>1 línea(s) de acción en esta estrategia.,SRE,"Impulsar, entre las instancias anticorrupción federales y locales, acciones sistemáticas de coordinación y difusión que permitan a las autoridades competentes prevenir, investigar, substanciar y sancionar faltas administrativas."
1.1_TFJA,TFJA_1,2,Est. 1.1,#B4E395,TFJA reportó 2 acción(es) a lo largo de <br>2 línea(s) de acción en esta estrategia.,TFJA,"Impulsar, entre las instancias anticorrupción federales y locales, acciones sistemáticas de coordinación y difusión que permitan a las autoridades competentes prevenir, investigar, substanciar y sancionar faltas administrativas."
1.2_CC del SNA,CC del SNA_1,2,Est. 1.2,#B4E395,CC del SNA reportó 2 acción(es) a lo largo de <br>1 línea(s) de acción en esta estrategia.,CC del SNA,"Identificar procesos a cargo de las autoridades competentes en la investigación, substanciación, determinación, resolución y sanción de faltas administrativas graves y no graves susceptibles de armonización a nivel nacional mediante el desarrollo e intercambio de información."
1.2_Comisión Nacional Bancaria y de Valores (CNBV),Comisión Nacional Bancaria y de Valores (CNBV)_1,2,Est. 1.2,#B4E395,Comisión Nacional Bancaria y de Valores (CNBV) reportó 2 acción(es) a lo largo de <br>1 línea(s) de acción en esta estrategia.,Comisión Nacional Bancaria y de Valores (CNBV),"Identificar procesos a cargo de las autoridades competentes en la investigación, substanciación, determinación, resolución y sanción de faltas administrativas graves y no graves susceptibles de armonización a nivel nacional mediante el desarrollo e intercambio de información."
1.2_Secretaría de Agricultura y Desarrollo Rural (SADER),Secretaría de Agricultura y Desarrollo Rural (SADER)_1,1,Est. 1.2,#B4E395,Secretaría de Agricultura y Desarrollo Rural (SADER) reportó 1 acción(es) a lo largo de <br>1 línea(s) de acción en esta estrategia.,Secretaría de Agricultura y Desarrollo Rural (SADER),"Identificar procesos a cargo de las autoridades competentes en la investigación, substanciación, determinación, resolución y sanción de faltas administrativas graves y no graves susceptibles de armonización a nivel nacional mediante el desarrollo e intercambio de información."
1.2_Secretaría de Seguridad y Protección Ciudadana (SSPC),Secretaría de Seguridad y Protección Ciudadana (SSPC)_1,2,Est. 1.2,#B4E395,Secretaría de Seguridad y Protección Ciudadana (SSPC) reportó 2 acción(es) a lo largo de <br>1 línea(s) de acción en esta estrategia.,Secretaría de Seguridad y Protección Ciudadana (SSPC),"Identificar procesos a cargo de las autoridades competentes en la investigación, substanciación, determinación, resolución y sanción de faltas administrativas graves y no graves susceptibles de armonización a nivel nacional mediante el desarrollo e intercambio de información."
1.2_SFP,SFP_1,7,Est. 1.2,#B4E395,SFP reportó 7 acción(es) a lo largo de <br>2 línea(s) de acción en esta estrategia.,SFP,"Identificar procesos a cargo de las autoridades competentes en la investigación, substanciación, determinación, resolución y sanción de faltas administrativas graves y no graves susceptibles de armonización a nivel nacional mediante el desarrollo e intercambio de información."
15.1_SHCP,SHCP_2,3,Est. 15.1,#9DC8E2,SHCP reportó 3 acción(es) a lo largo de <br>1 línea(s) de acción en esta estrategia.,SHCP,"Adoptar mecanismos de transparencia presupuestaria de las instancias que integran el Sistema Nacional Anticorrupción, en el marco de la integración de los presupuestos federal y estatales, que permitan dar seguimiento al ejercicio del gasto público en materia de combate a la corrupción."
1.2_TFJA,TFJA_1,1,Est. 1.2,#B4E395,TFJA reportó 1 acción(es) a lo largo de <br>1 línea(s) de acción en esta estrategia.,TFJA,"Identificar procesos a cargo de las autoridades competentes en la investigación, substanciación, determinación, resolución y sanción de faltas administrativas graves y no graves susceptibles de armonización a nivel nacional mediante el desarrollo e intercambio de información."
2.1_CC del SNA,CC del SNA_1,2,Est. 2.1,#B4E395,CC del SNA reportó 2 acción(es) a lo largo de <br>2 línea(s) de acción en esta estrategia.,CC del SNA,"Fortalecer los mecanismos de comunicación entre las instituciones encargadas de prevenir, detectar, investigar, substanciar y sancionar faltas administrativas y delitos por hechos de corrupción, con las autoridades fiscales y otras que podrían intervenir en materia de inteligencia financiera."
2.1_Comisión Nacional Bancaria y de Valores (CNBV),Comisión Nacional Bancaria y de Valores (CNBV)_1,2,Est. 2.1,#B4E395,Comisión Nacional Bancaria y de Valores (CNBV) reportó 2 acción(es) a lo largo de <br>1 línea(s) de acción en esta estrategia.,Comisión Nacional Bancaria y de Valores (CNBV),"Fortalecer los mecanismos de comunicación entre las instituciones encargadas de prevenir, detectar, investigar, substanciar y sancionar faltas administrativas y delitos por hechos de corrupción, con las autoridades fiscales y otras que podrían intervenir en materia de inteligencia financiera."
2.1_Secretaría de Agricultura y Desarrollo Rural (SADER),Secretaría de Agricultura y Desarrollo Rural (SADER)_1,1,Est. 2.1,#B4E395,Secretaría de Agricultura y Desarrollo Rural (SADER) reportó 1 acción(es) a lo largo de <br>1 línea(s) de acción en esta estrategia.,Secretaría de Agricultura y Desarrollo Rural (SADER),"Fortalecer los mecanismos de comunicación entre las instituciones encargadas de prevenir, detectar, investigar, substanciar y sancionar faltas administrativas y delitos por hechos de corrupción, con las autoridades fiscales y otras que podrían intervenir en materia de inteligencia financiera."
11.1_SFP,SFP_2,4,Est. 11.1,#9DC8E2,SFP reportó 4 acción(es) a lo largo de <br>3 línea(s) de acción en esta estrategia.,SFP,"Instrumentar políticas de integridad, ética pública y prevención de la corrupción, a partir de un enfoque de Derechos Humanos y perspectiva de género."
17.1_SHCP,SHCP_2,3,Est. 17.1,#9DC8E2,SHCP reportó 3 acción(es) a lo largo de <br>3 línea(s) de acción en esta estrategia.,SHCP,"Impulsar la adopción de marcos normativos en materia de austeridad y disciplina financiera, aplicables a los entes públicos a nivel nacional."
2.1_TFJA,TFJA_1,1,Est. 2.1,#B4E395,TFJA reportó 1 acción(es) a lo largo de <br>1 línea(s) de acción en esta estrategia.,TFJA,"Fortalecer los mecanismos de comunicación entre las instituciones encargadas de prevenir, detectar, investigar, substanciar y sancionar faltas administrativas y delitos por hechos de corrupción, con las autoridades fiscales y otras que podrían intervenir en materia de inteligencia financiera."
3.1_SESNA,SESNA_1,7,Est. 3.1,#B4E395,SESNA reportó 7 acción(es) a lo largo de <br>2 línea(s) de acción en esta estrategia.,SESNA,"Impulsar la homologación de capacidades técnicas a escala nacional de las instancias encargadas de la administración, la generación de información, así como del aprovechamiento de la información de la Plataforma Digital Nacional."
11.2_SFP,SFP_2,5,Est. 11.2,#9DC8E2,SFP reportó 5 acción(es) a lo largo de <br>2 línea(s) de acción en esta estrategia.,SFP,Fortalecer la operación de los comités de integridad o ética pública en los entes públicos a nivel nacional.
3.2_Comisión Nacional Bancaria y de Valores (CNBV),Comisión Nacional Bancaria y de Valores (CNBV)_1,3,Est. 3.2,#B4E395,Comisión Nacional Bancaria y de Valores (CNBV) reportó 3 acción(es) a lo largo de <br>2 línea(s) de acción en esta estrategia.,Comisión Nacional Bancaria y de Valores (CNBV),"Implementar mecanismos de inteligencia anticorrupción en los entes públicos encargados de la prevención, detección y sanción de faltas administrativas y delitos por hechos de corrupción en los tres órdenes de gobierno."
3.2_INAI,INAI_1,1,Est. 3.2,#B4E395,INAI reportó 1 acción(es) a lo largo de <br>1 línea(s) de acción en esta estrategia.,INAI,"Implementar mecanismos de inteligencia anticorrupción en los entes públicos encargados de la prevención, detección y sanción de faltas administrativas y delitos por hechos de corrupción en los tres órdenes de gobierno."
3.2_SESNA,SESNA_1,1,Est. 3.2,#B4E395,SESNA reportó 1 acción(es) a lo largo de <br>1 línea(s) de acción en esta estrategia.,SESNA,"Implementar mecanismos de inteligencia anticorrupción en los entes públicos encargados de la prevención, detección y sanción de faltas administrativas y delitos por hechos de corrupción en los tres órdenes de gobierno."
12.1_SFP,SFP_2,1,Est. 12.1,#9DC8E2,SFP reportó 1 acción(es) a lo largo de <br>1 línea(s) de acción en esta estrategia.,SFP,"Impulsar el desarrollo y ejecución de programas de capacitación y certificación, en materia de combate a la corrupción y fortalecimiento de la ética pública aplicables a los entes públicos a nivel nacional."
2.1_SHCP,SHCP_1,3,Est. 2.1,#B4E395,SHCP reportó 3 acción(es) a lo largo de <br>3 línea(s) de acción en esta estrategia.,SHCP,"Fortalecer los mecanismos de comunicación entre las instituciones encargadas de prevenir, detectar, investigar, substanciar y sancionar faltas administrativas y delitos por hechos de corrupción, con las autoridades fiscales y otras que podrían intervenir en materia de inteligencia financiera."
3.2_SRE,SRE_1,11,Est. 3.2,#B4E395,SRE reportó 11 acción(es) a lo largo de <br>2 línea(s) de acción en esta estrategia.,SRE,"Implementar mecanismos de inteligencia anticorrupción en los entes públicos encargados de la prevención, detección y sanción de faltas administrativas y delitos por hechos de corrupción en los tres órdenes de gobierno."
4.1_CC del SNA,CC del SNA_1,2,Est. 4.1,#B4E395,CC del SNA reportó 2 acción(es) a lo largo de <br>1 línea(s) de acción en esta estrategia.,CC del SNA,"Fomentar la adopción de prácticas orientadas a una cultura de apertura gubernamental y de justicia abierta mediante esquemas de transparencia proactiva de información sobre prevención, denuncia, detección, investigación, resolución y sanción de faltas administrativas y delitos por hechos de corrupción."
12.2_SFP,SFP_2,1,Est. 12.2,#9DC8E2,SFP reportó 1 acción(es) a lo largo de <br>1 línea(s) de acción en esta estrategia.,SFP,"Desarrollar modelos de evaluación del desempeño de las personas servidoras públicas, en materia de conocimiento y observancia de los códigos de ética y conducta."
25.2_SHCP,SHCP_3,3,Est. 25.2,#CAC0D5,SHCP reportó 3 acción(es) a lo largo de <br>1 línea(s) de acción en esta estrategia.,SHCP,"Fortalecer los procesos de compras públicas, así como las capacidades de quienes intervienen en la planeación, ejecución, seguimiento y evaluación de estos."
29.1_SHCP,SHCP_3,4,Est. 29.1,#CAC0D5,SHCP reportó 4 acción(es) a lo largo de <br>2 línea(s) de acción en esta estrategia.,SHCP,"Impulsar la creación de un sistema nacional único de información de contrataciones públicas, vinculado a la Plataforma Digital Nacional, que permita que los procesos de contratación pública sean abiertos, transparentes, competitivos e íntegros."
4.2_ASF,ASF_1,2,Est. 4.2,#B4E395,ASF reportó 2 acción(es) a lo largo de <br>2 línea(s) de acción en esta estrategia.,ASF,"Impulsar el desarrollo de guías, herramientas y esquemas de colaboración que faciliten la publicación y, a su vez, permitan la accesibilidad a información pública relacionada con actos de corrupción, salvaguardando la información reservada y confidencial, y el debido proceso."
4.2_Secretaría de Energía,Secretaría de Energía_1,2,Est. 4.2,#B4E395,Secretaría de Energía reportó 2 acción(es) a lo largo de <br>1 línea(s) de acción en esta estrategia.,Secretaría de Energía,"Impulsar el desarrollo de guías, herramientas y esquemas de colaboración que faciliten la publicación y, a su vez, permitan la accesibilidad a información pública relacionada con actos de corrupción, salvaguardando la información reservada y confidencial, y el debido proceso."
13.1_SFP,SFP_2,3,Est. 13.1,#9DC8E2,SFP reportó 3 acción(es) a lo largo de <br>2 línea(s) de acción en esta estrategia.,SFP,"Elaborar una política nacional en materia de recursos humanos que oriente a las instituciones en la identificación de sus necesidades y que permita contar con personal idóneo, en congruencia con sus objetivos y funciones."
29.2_SHCP,SHCP_3,2,Est. 29.2,#CAC0D5,SHCP reportó 2 acción(es) a lo largo de <br>1 línea(s) de acción en esta estrategia.,SHCP,"Establecer un registro nacional de proveedores y contratistas que permita la identificación y conocimiento de la idoneidad, oportunidad, integridad, desempeño y cumplimiento de las personas físicas y morales que participan en contrataciones públicas."
4.2_SNT - INAI,SNT - INAI_1,2,Est. 4.2,#B4E395,SNT - INAI reportó 2 acción(es) a lo largo de <br>2 línea(s) de acción en esta estrategia.,SNT - INAI,"Impulsar el desarrollo de guías, herramientas y esquemas de colaboración que faciliten la publicación y, a su vez, permitan la accesibilidad a información pública relacionada con actos de corrupción, salvaguardando la información reservada y confidencial, y el debido proceso."
5.1_SEGOB,SEGOB_1,1,Est. 5.1,#B4E395,SEGOB reportó 1 acción(es) a lo largo de <br>1 línea(s) de acción en esta estrategia.,SEGOB,Impulsar la adopción de un marco normativo homologado a nivel nacional en materia de protección a denunciantes de faltas administrativas y delitos por hechos de corrupción.
14.1_SFP,SFP_2,3,Est. 14.1,#9DC8E2,SFP reportó 3 acción(es) a lo largo de <br>3 línea(s) de acción en esta estrategia.,SFP,"Impulsar la adopción de un marco normativo uniforme sobre la conformación y operación de servicios profesionales de carrera, o esquemas análogos, con un enfoque de Derechos Humanos y perspectiva de género, en los entes públicos a nivel nacional."
15.1_SFP,SFP_2,3,Est. 15.1,#9DC8E2,SFP reportó 3 acción(es) a lo largo de <br>2 línea(s) de acción en esta estrategia.,SFP,"Adoptar mecanismos de transparencia presupuestaria de las instancias que integran el Sistema Nacional Anticorrupción, en el marco de la integración de los presupuestos federal y estatales, que permitan dar seguimiento al ejercicio del gasto público en materia de combate a la corrupción."
7.1_CJF,CJF_1,5,Est. 7.1,#B4E395,CJF reportó 5 acción(es) a lo largo de <br>2 línea(s) de acción en esta estrategia.,CJF,"Articular una política criminal entre las diferentes instancias que intervienen en la prevención, detección y sanción ante hechos de corrupción, con base en una coordinación adecuada, con enfoque de Derechos Humanos, perspectiva de género y pertinencia cultural."
8.1_CJF,CJF_1,12,Est. 8.1,#B4E395,CJF reportó 12 acción(es) a lo largo de <br>2 línea(s) de acción en esta estrategia.,CJF,"Impulsar un modelo de evaluación del desempeño de las instancias responsables de la investigación, substanciación, determinación, resolución y sanción de faltas administrativas y delitos por hechos de corrupción."
15.2_SFP,SFP_2,8,Est. 15.2,#9DC8E2,SFP reportó 8 acción(es) a lo largo de <br>3 línea(s) de acción en esta estrategia.,SFP,"Consolidar un Modelo de Evaluación y Seguimiento de la Anticorrupción y la Integridad (MESAI) que permita integrar y homologar los esfuerzos de las políticas, programas e instituciones en el ámbito de los sistemas nacional y estatales anticorrupción."
10.1_CJF,CJF_1,1,Est. 10.1,#B4E395,CJF reportó 1 acción(es) a lo largo de <br>1 línea(s) de acción en esta estrategia.,CJF,"Desarrollar mecanismos de seguimiento y transparencia proactiva que permitan conocer los distintos procesos de procuración e impartición de justicia, en aras del fortalecimiento institucional y de una mayor incidencia social."
10.1_INAI,INAI_1,4,Est. 10.1,#B4E395,INAI reportó 4 acción(es) a lo largo de <br>1 línea(s) de acción en esta estrategia.,INAI,"Desarrollar mecanismos de seguimiento y transparencia proactiva que permitan conocer los distintos procesos de procuración e impartición de justicia, en aras del fortalecimiento institucional y de una mayor incidencia social."
3.2_SHCP,SHCP_1,1,Est. 3.2,#B4E395,SHCP reportó 1 acción(es) a lo largo de <br>1 línea(s) de acción en esta estrategia.,SHCP,"Implementar mecanismos de inteligencia anticorrupción en los entes públicos encargados de la prevención, detección y sanción de faltas administrativas y delitos por hechos de corrupción en los tres órdenes de gobierno."
AGN_2,Eje 2,8,AGN,#6BACD4,,,
ASF_2,Eje 2,15,ASF,#6BACD4,,,
CC del SNA_2,Eje 2,18,CC del SNA,#6BACD4,,,
CJF_2,Eje 2,45,CJF,#6BACD4,,,
CPC_2,Eje 2,8,CPC,#6BACD4,,,
Secretaría de Agricultura y Desarrollo Rural (SADER)_2,Eje 2,5,Secretaría de Agricultura y Desarrollo Rural (SADER),#6BACD4,,,
Secretaría de Energía_2,Eje 2,13,Secretaría de Energía,#6BACD4,,,
Secretaría de Salud_2,Eje 2,9,Secretaría de Salud,#6BACD4,,,
Secretaría de Seguridad y Protección Ciudadana (SSPC)_2,Eje 2,3,Secretaría de Seguridad y Protección Ciudadana (SSPC),#6BACD4,,,
SEGOB_2,Eje 2,3,SEGOB,#6BACD4,,,
SEP_2,Eje 2,6,SEP,#6BACD4,,,
SESNA_2,Eje 2,7,SESNA,#6BACD4,,,
SFP_2,Eje 2,56,SFP,#6BACD4,,,
30.2_SHCP,SHCP_3,3,Est. 30.2,#CAC0D5,SHCP reportó 3 acción(es) a lo largo de <br>1 línea(s) de acción en esta estrategia.,SHCP,"Generar criterios y estándares que incentiven la libre competencia y mayor concurrencia de las personas físicas y morales que participan en los procedimientos de contratación pública, para garantizar la mejor asignación y uso de los recursos públicos."
SNT - INAI_2,Eje 2,3,SNT - INAI,#6BACD4,,,
SRE_2,Eje 2,6,SRE,#6BACD4,,,
TFJA_2,Eje 2,5,TFJA,#6BACD4,,,
11.1_CJF,CJF_2,27,Est. 11.1,#9DC8E2,CJF reportó 27 acción(es) a lo largo de <br>3 línea(s) de acción en esta estrategia.,CJF,"Instrumentar políticas de integridad, ética pública y prevención de la corrupción, a partir de un enfoque de Derechos Humanos y perspectiva de género."
11.1_Secretaría de Energía,Secretaría de Energía_2,2,Est. 11.1,#9DC8E2,Secretaría de Energía reportó 2 acción(es) a lo largo de <br>2 línea(s) de acción en esta estrategia.,Secretaría de Energía,"Instrumentar políticas de integridad, ética pública y prevención de la corrupción, a partir de un enfoque de Derechos Humanos y perspectiva de género."
11.1_SEGOB,SEGOB_2,1,Est. 11.1,#9DC8E2,SEGOB reportó 1 acción(es) a lo largo de <br>1 línea(s) de acción en esta estrategia.,SEGOB,"Instrumentar políticas de integridad, ética pública y prevención de la corrupción, a partir de un enfoque de Derechos Humanos y perspectiva de género."
11.1_SEP,SEP_2,3,Est. 11.1,#9DC8E2,SEP reportó 3 acción(es) a lo largo de <br>2 línea(s) de acción en esta estrategia.,SEP,"Instrumentar políticas de integridad, ética pública y prevención de la corrupción, a partir de un enfoque de Derechos Humanos y perspectiva de género."
17.1_SFP,SFP_2,5,Est. 17.1,#9DC8E2,SFP reportó 5 acción(es) a lo largo de <br>1 línea(s) de acción en esta estrategia.,SFP,"Impulsar la adopción de marcos normativos en materia de austeridad y disciplina financiera, aplicables a los entes públicos a nivel nacional."
11.2_CC del SNA,CC del SNA_2,2,Est. 11.2,#9DC8E2,CC del SNA reportó 2 acción(es) a lo largo de <br>2 línea(s) de acción en esta estrategia.,CC del SNA,Fortalecer la operación de los comités de integridad o ética pública en los entes públicos a nivel nacional.
11.2_Secretaría de Energía,Secretaría de Energía_2,2,Est. 11.2,#9DC8E2,Secretaría de Energía reportó 2 acción(es) a lo largo de <br>2 línea(s) de acción en esta estrategia.,Secretaría de Energía,Fortalecer la operación de los comités de integridad o ética pública en los entes públicos a nivel nacional.
11.2_Secretaría de Salud,Secretaría de Salud_2,2,Est. 11.2,#9DC8E2,Secretaría de Salud reportó 2 acción(es) a lo largo de <br>2 línea(s) de acción en esta estrategia.,Secretaría de Salud,Fortalecer la operación de los comités de integridad o ética pública en los entes públicos a nivel nacional.
11.2_SEP,SEP_2,3,Est. 11.2,#9DC8E2,SEP reportó 3 acción(es) a lo largo de <br>1 línea(s) de acción en esta estrategia.,SEP,Fortalecer la operación de los comités de integridad o ética pública en los entes públicos a nivel nacional.
17.2_SFP,SFP_2,1,Est. 17.2,#9DC8E2,SFP reportó 1 acción(es) a lo largo de <br>1 línea(s) de acción en esta estrategia.,SFP,Establecer bases generales para el desarrollo y ejecución de programas de capacitación en materia de disciplina financiera y armonización contable en los entes públicos a nivel nacional.
12.1_CC del SNA,CC del SNA_2,2,Est. 12.1,#9DC8E2,CC del SNA reportó 2 acción(es) a lo largo de <br>2 línea(s) de acción en esta estrategia.,CC del SNA,"Impulsar el desarrollo y ejecución de programas de capacitación y certificación, en materia de combate a la corrupción y fortalecimiento de la ética pública aplicables a los entes públicos a nivel nacional."
12.1_Secretaría de Energía,Secretaría de Energía_2,3,Est. 12.1,#9DC8E2,Secretaría de Energía reportó 3 acción(es) a lo largo de <br>2 línea(s) de acción en esta estrategia.,Secretaría de Energía,"Impulsar el desarrollo y ejecución de programas de capacitación y certificación, en materia de combate a la corrupción y fortalecimiento de la ética pública aplicables a los entes públicos a nivel nacional."
12.1_Secretaría de Salud,Secretaría de Salud_2,1,Est. 12.1,#9DC8E2,Secretaría de Salud reportó 1 acción(es) a lo largo de <br>1 línea(s) de acción en esta estrategia.,Secretaría de Salud,"Impulsar el desarrollo y ejecución de programas de capacitación y certificación, en materia de combate a la corrupción y fortalecimiento de la ética pública aplicables a los entes públicos a nivel nacional."
12.1_SEGOB,SEGOB_2,1,Est. 12.1,#9DC8E2,SEGOB reportó 1 acción(es) a lo largo de <br>1 línea(s) de acción en esta estrategia.,SEGOB,"Impulsar el desarrollo y ejecución de programas de capacitación y certificación, en materia de combate a la corrupción y fortalecimiento de la ética pública aplicables a los entes públicos a nivel nacional."
18.1_SFP,SFP_2,3,Est. 18.1,#9DC8E2,SFP reportó 3 acción(es) a lo largo de <br>1 línea(s) de acción en esta estrategia.,SFP,"Fortalecer los sistemas institucionales de archivos de los entes públicos a nivel nacional, en concordancia con lo establecido en la Ley General de Archivos y las leyes estatales."
12.2_CC del SNA,CC del SNA_2,1,Est. 12.2,#9DC8E2,CC del SNA reportó 1 acción(es) a lo largo de <br>1 línea(s) de acción en esta estrategia.,CC del SNA,"Desarrollar modelos de evaluación del desempeño de las personas servidoras públicas, en materia de conocimiento y observancia de los códigos de ética y conducta."
12.2_Secretaría de Energía,Secretaría de Energía_2,3,Est. 12.2,#9DC8E2,Secretaría de Energía reportó 3 acción(es) a lo largo de <br>1 línea(s) de acción en esta estrategia.,Secretaría de Energía,"Desarrollar modelos de evaluación del desempeño de las personas servidoras públicas, en materia de conocimiento y observancia de los códigos de ética y conducta."
19.1_SFP,SFP_2,5,Est. 19.1,#9DC8E2,SFP reportó 5 acción(es) a lo largo de <br>3 línea(s) de acción en esta estrategia.,SFP,Fortalecer la coordinación y capacidades de las instancias de auditoría gubernamental y control interno a nivel nacional.
12.3_CC del SNA,CC del SNA_2,2,Est. 12.3,#9DC8E2,CC del SNA reportó 2 acción(es) a lo largo de <br>2 línea(s) de acción en esta estrategia.,CC del SNA,"Desarrollar bases generales para la determinación de necesidades de personal y de evaluación de perfiles y capacidades, como parte de los procesos de reclutamiento y selección de personal de los entes públicos a nivel nacional."
13.1_CC del SNA,CC del SNA_2,2,Est. 13.1,#9DC8E2,CC del SNA reportó 2 acción(es) a lo largo de <br>2 línea(s) de acción en esta estrategia.,CC del SNA,"Elaborar una política nacional en materia de recursos humanos que oriente a las instituciones en la identificación de sus necesidades y que permita contar con personal idóneo, en congruencia con sus objetivos y funciones."
13.1_Secretaría de Salud,Secretaría de Salud_2,2,Est. 13.1,#9DC8E2,Secretaría de Salud reportó 2 acción(es) a lo largo de <br>1 línea(s) de acción en esta estrategia.,Secretaría de Salud,"Elaborar una política nacional en materia de recursos humanos que oriente a las instituciones en la identificación de sus necesidades y que permita contar con personal idóneo, en congruencia con sus objetivos y funciones."
19.2_SFP,SFP_2,2,Est. 19.2,#9DC8E2,SFP reportó 2 acción(es) a lo largo de <br>1 línea(s) de acción en esta estrategia.,SFP,Impulsar la adopción de marcos normativos armónicos en materia de auditoría gubernamental y control interno a nivel nacional.
14.1_ASF,ASF_2,2,Est. 14.1,#9DC8E2,ASF reportó 2 acción(es) a lo largo de <br>2 línea(s) de acción en esta estrategia.,ASF,"Impulsar la adopción de un marco normativo uniforme sobre la conformación y operación de servicios profesionales de carrera, o esquemas análogos, con un enfoque de Derechos Humanos y perspectiva de género, en los entes públicos a nivel nacional."
14.1_CJF,CJF_2,8,Est. 14.1,#9DC8E2,CJF reportó 8 acción(es) a lo largo de <br>2 línea(s) de acción en esta estrategia.,CJF,"Impulsar la adopción de un marco normativo uniforme sobre la conformación y operación de servicios profesionales de carrera, o esquemas análogos, con un enfoque de Derechos Humanos y perspectiva de género, en los entes públicos a nivel nacional."
14.1_Secretaría de Salud,Secretaría de Salud_2,2,Est. 14.1,#9DC8E2,Secretaría de Salud reportó 2 acción(es) a lo largo de <br>1 línea(s) de acción en esta estrategia.,Secretaría de Salud,"Impulsar la adopción de un marco normativo uniforme sobre la conformación y operación de servicios profesionales de carrera, o esquemas análogos, con un enfoque de Derechos Humanos y perspectiva de género, en los entes públicos a nivel nacional."
2.1_SFP,SFP_1,5,Est. 2.1,#B4E395,SFP reportó 5 acción(es) a lo largo de <br>3 línea(s) de acción en esta estrategia.,SFP,"Fortalecer los mecanismos de comunicación entre las instituciones encargadas de prevenir, detectar, investigar, substanciar y sancionar faltas administrativas y delitos por hechos de corrupción, con las autoridades fiscales y otras que podrían intervenir en materia de inteligencia financiera."
14.1_TFJA,TFJA_2,2,Est. 14.1,#9DC8E2,TFJA reportó 2 acción(es) a lo largo de <br>2 línea(s) de acción en esta estrategia.,TFJA,"Impulsar la adopción de un marco normativo uniforme sobre la conformación y operación de servicios profesionales de carrera, o esquemas análogos, con un enfoque de Derechos Humanos y perspectiva de género, en los entes públicos a nivel nacional."
15.1_CC del SNA,CC del SNA_2,4,Est. 15.1,#9DC8E2,CC del SNA reportó 4 acción(es) a lo largo de <br>3 línea(s) de acción en esta estrategia.,CC del SNA,"Adoptar mecanismos de transparencia presupuestaria de las instancias que integran el Sistema Nacional Anticorrupción, en el marco de la integración de los presupuestos federal y estatales, que permitan dar seguimiento al ejercicio del gasto público en materia de combate a la corrupción."
15.1_SESNA,SESNA_2,3,Est. 15.1,#9DC8E2,SESNA reportó 3 acción(es) a lo largo de <br>3 línea(s) de acción en esta estrategia.,SESNA,"Adoptar mecanismos de transparencia presupuestaria de las instancias que integran el Sistema Nacional Anticorrupción, en el marco de la integración de los presupuestos federal y estatales, que permitan dar seguimiento al ejercicio del gasto público en materia de combate a la corrupción."
20.1_SFP,SFP_2,4,Est. 20.1,#9DC8E2,SFP reportó 4 acción(es) a lo largo de <br>1 línea(s) de acción en esta estrategia.,SFP,"Incorporar tecnologías, sistemas de información y metodologías analíticas a los procesos de auditoría gubernamental y control interno."
4.1_SHCP,SHCP_1,1,Est. 4.1,#B4E395,SHCP (UIF) reportó 1 acción(es) a lo largo de <br>1 línea(s) de acción en esta estrategia.,SHCP,"Fomentar la adopción de prácticas orientadas a una cultura de apertura gubernamental y de justicia abierta mediante esquemas de transparencia proactiva de información sobre prevención, denuncia, detección, investigación, resolución y sanción de faltas administrativas y delitos por hechos de corrupción."
15.2_ASF,ASF_2,2,Est. 15.2,#9DC8E2,ASF reportó 2 acción(es) a lo largo de <br>2 línea(s) de acción en esta estrategia.,ASF,"Consolidar un Modelo de Evaluación y Seguimiento de la Anticorrupción y la Integridad (MESAI) que permita integrar y homologar los esfuerzos de las políticas, programas e instituciones en el ámbito de los sistemas nacional y estatales anticorrupción."
15.2_CC del SNA,CC del SNA_2,2,Est. 15.2,#9DC8E2,CC del SNA reportó 2 acción(es) a lo largo de <br>1 línea(s) de acción en esta estrategia.,CC del SNA,"Consolidar un Modelo de Evaluación y Seguimiento de la Anticorrupción y la Integridad (MESAI) que permita integrar y homologar los esfuerzos de las políticas, programas e instituciones en el ámbito de los sistemas nacional y estatales anticorrupción."
15.2_CPC,CPC_2,5,Est. 15.2,#9DC8E2,CPC reportó 5 acción(es) a lo largo de <br>2 línea(s) de acción en esta estrategia.,CPC,"Consolidar un Modelo de Evaluación y Seguimiento de la Anticorrupción y la Integridad (MESAI) que permita integrar y homologar los esfuerzos de las políticas, programas e instituciones en el ámbito de los sistemas nacional y estatales anticorrupción."
15.2_SESNA,SESNA_2,4,Est. 15.2,#9DC8E2,SESNA reportó 4 acción(es) a lo largo de <br>1 línea(s) de acción en esta estrategia.,SESNA,"Consolidar un Modelo de Evaluación y Seguimiento de la Anticorrupción y la Integridad (MESAI) que permita integrar y homologar los esfuerzos de las políticas, programas e instituciones en el ámbito de los sistemas nacional y estatales anticorrupción."
20.2_SFP,SFP_2,8,Est. 20.2,#9DC8E2,SFP reportó 8 acción(es) a lo largo de <br>2 línea(s) de acción en esta estrategia.,SFP,"Impulsar el desarrollo de guías, sistemas, herramientas y esquemas de colaboración que permitan la accesibilidad a la información pública relacionada con actos de corrupción, salvaguardando la información reservada y confidencial."
15.2_TFJA,TFJA_2,2,Est. 15.2,#9DC8E2,TFJA reportó 2 acción(es) a lo largo de <br>2 línea(s) de acción en esta estrategia.,TFJA,"Consolidar un Modelo de Evaluación y Seguimiento de la Anticorrupción y la Integridad (MESAI) que permita integrar y homologar los esfuerzos de las políticas, programas e instituciones en el ámbito de los sistemas nacional y estatales anticorrupción."
16.1_Secretaría de Agricultura y Desarrollo Rural (SADER),Secretaría de Agricultura y Desarrollo Rural (SADER)_2,2,Est. 16.1,#9DC8E2,Secretaría de Agricultura y Desarrollo Rural (SADER) reportó 2 acción(es) a lo largo de <br>1 línea(s) de acción en esta estrategia.,Secretaría de Agricultura y Desarrollo Rural (SADER),"Desarrollar criterios homologados de organización, uso, aprovechamiento y difusión de la información, considerando la opinión de la Sociedad Civil, los estándares y las buenas prácticas internacionales orientadas hacia los tres niveles de gobierno, poderes de la unión y entes autónomos a fin de reducir riesgos de corrupción."
16.1_Secretaría de Salud,Secretaría de Salud_2,1,Est. 16.1,#9DC8E2,Secretaría de Salud reportó 1 acción(es) a lo largo de <br>1 línea(s) de acción en esta estrategia.,Secretaría de Salud,"Desarrollar criterios homologados de organización, uso, aprovechamiento y difusión de la información, considerando la opinión de la Sociedad Civil, los estándares y las buenas prácticas internacionales orientadas hacia los tres niveles de gobierno, poderes de la unión y entes autónomos a fin de reducir riesgos de corrupción."
16.2_CPC,CPC_2,2,Est. 16.2,#9DC8E2,CPC reportó 2 acción(es) a lo largo de <br>2 línea(s) de acción en esta estrategia.,CPC,Impulsar mecanismos de participación ciudadana que faciliten el ejercicio efectivo del derecho de acceso a la información y que deriven en el uso oportuno de la información pública.
16.2_Secretaría de Agricultura y Desarrollo Rural (SADER),Secretaría de Agricultura y Desarrollo Rural (SADER)_2,1,Est. 16.2,#9DC8E2,Secretaría de Agricultura y Desarrollo Rural (SADER) reportó 1 acción(es) a lo largo de <br>1 línea(s) de acción en esta estrategia.,Secretaría de Agricultura y Desarrollo Rural (SADER),Impulsar mecanismos de participación ciudadana que faciliten el ejercicio efectivo del derecho de acceso a la información y que deriven en el uso oportuno de la información pública.
16.2_Secretaría de Seguridad y Protección Ciudadana (SSPC),Secretaría de Seguridad y Protección Ciudadana (SSPC)_2,1,Est. 16.2,#9DC8E2,Secretaría de Seguridad y Protección Ciudadana (SSPC) reportó 1 acción(es) a lo largo de <br>1 línea(s) de acción en esta estrategia.,Secretaría de Seguridad y Protección Ciudadana (SSPC),Impulsar mecanismos de participación ciudadana que faciliten el ejercicio efectivo del derecho de acceso a la información y que deriven en el uso oportuno de la información pública.
17.1_ASF,ASF_2,3,Est. 17.1,#9DC8E2,ASF reportó 3 acción(es) a lo largo de <br>3 línea(s) de acción en esta estrategia.,ASF,"Impulsar la adopción de marcos normativos en materia de austeridad y disciplina financiera, aplicables a los entes públicos a nivel nacional."
17.1_Secretaría de Agricultura y Desarrollo Rural (SADER),Secretaría de Agricultura y Desarrollo Rural (SADER)_2,2,Est. 17.1,#9DC8E2,Secretaría de Agricultura y Desarrollo Rural (SADER) reportó 1 acción(es) a lo largo de <br>1 línea(s) de acción en esta estrategia.,Secretaría de Agricultura y Desarrollo Rural (SADER),"Impulsar la adopción de marcos normativos en materia de austeridad y disciplina financiera, aplicables a los entes públicos a nivel nacional."
17.1_Secretaría de Energía,Secretaría de Energía_2,2,Est. 17.1,#9DC8E2,Secretaría de Energía reportó 2 acción(es) a lo largo de <br>1 línea(s) de acción en esta estrategia.,Secretaría de Energía,"Impulsar la adopción de marcos normativos en materia de austeridad y disciplina financiera, aplicables a los entes públicos a nivel nacional."
17.1_Secretaría de Salud,Secretaría de Salud_2,1,Est. 17.1,#9DC8E2,Secretaría de Salud reportó 1 acción(es) a lo largo de <br>1 línea(s) de acción en esta estrategia.,Secretaría de Salud,"Impulsar la adopción de marcos normativos en materia de austeridad y disciplina financiera, aplicables a los entes públicos a nivel nacional."
21.1_SFP,SFP_3,1,Est. 21.1,#CAC0D5,SFP reportó 1 acción(es) a lo largo de <br>1 línea(s) de acción en esta estrategia.,SFP,Desarrollar bases generales para la simplificación de trámites gubernamentales y procedimientos para el acceso a servicios o programas que involucren contacto entre personas servidoras públicas y ciudadanos.
4.1_SHCP (SAT),SHCP (SAT)_1,1,Est. 4.1,#B4E395,SHCP (SAT) reportó 1 acción(es) a lo largo de <br>1 línea(s) de acción en esta estrategia.,SHCP (SAT),"Fomentar la adopción de prácticas orientadas a una cultura de apertura gubernamental y de justicia abierta mediante esquemas de transparencia proactiva de información sobre prevención, denuncia, detección, investigación, resolución y sanción de faltas administrativas y delitos por hechos de corrupción."
17.2_ASF,ASF_2,1,Est. 17.2,#9DC8E2,ASF reportó 1 acción(es) a lo largo de <br>1 línea(s) de acción en esta estrategia.,ASF,Establecer bases generales para el desarrollo y ejecución de programas de capacitación en materia de disciplina financiera y armonización contable en los entes públicos a nivel nacional.
17.2_CPC,CPC_2,1,Est. 17.2,#9DC8E2,CPC reportó 1 acción(es) a lo largo de <br>1 línea(s) de acción en esta estrategia.,CPC,Establecer bases generales para el desarrollo y ejecución de programas de capacitación en materia de disciplina financiera y armonización contable en los entes públicos a nivel nacional.
22.1_SFP,SFP_3,4,Est. 22.1,#CAC0D5,SFP reportó 4 acción(es) a lo largo de <br>3 línea(s) de acción en esta estrategia.,SFP,"Fortalecer las acciones de evaluación (interna y externa), el control interno, así como el seguimiento de programas presupuestarios, con base en metodologías con enfoque de Derechos Humanos e identificación de riesgos de corrupción."
17.2_TFJA,TFJA_2,1,Est. 17.2,#9DC8E2,TFJA reportó 1 acción(es) a lo largo de <br>1 línea(s) de acción en esta estrategia.,TFJA,Establecer bases generales para el desarrollo y ejecución de programas de capacitación en materia de disciplina financiera y armonización contable en los entes públicos a nivel nacional.
18.1_AGN,AGN_2,6,Est. 18.1,#9DC8E2,AGN reportó 6 acción(es) a lo largo de <br>3 línea(s) de acción en esta estrategia.,AGN,"Fortalecer los sistemas institucionales de archivos de los entes públicos a nivel nacional, en concordancia con lo establecido en la Ley General de Archivos y las leyes estatales."
18.1_CJF,CJF_2,10,Est. 18.1,#9DC8E2,CJF reportó 10 acción(es) a lo largo de <br>2 línea(s) de acción en esta estrategia.,CJF,"Fortalecer los sistemas institucionales de archivos de los entes públicos a nivel nacional, en concordancia con lo establecido en la Ley General de Archivos y las leyes estatales."
18.1_Secretaría de Energía,Secretaría de Energía_2,1,Est. 18.1,#9DC8E2,Secretaría de Energía reportó 1 acción(es) a lo largo de <br>1 línea(s) de acción en esta estrategia.,Secretaría de Energía,"Fortalecer los sistemas institucionales de archivos de los entes públicos a nivel nacional, en concordancia con lo establecido en la Ley General de Archivos y las leyes estatales."
18.1_SEGOB,SEGOB_2,1,Est. 18.1,#9DC8E2,SEGOB reportó 1 acción(es) a lo largo de <br>1 línea(s) de acción en esta estrategia.,SEGOB,"Fortalecer los sistemas institucionales de archivos de los entes públicos a nivel nacional, en concordancia con lo establecido en la Ley General de Archivos y las leyes estatales."
23.1_SFP,SFP_3,2,Est. 23.1,#CAC0D5,SFP reportó 2 acción(es) a lo largo de <br>1 línea(s) de acción en esta estrategia.,SFP,Promover la identificación de áreas de mejora en los trámites y servicios de alto impacto en la población para el desarrollo de acciones que permitan transparentar y reducir los riesgos de corrupción en su gestión.
18.1_SNT - INAI,SNT - INAI_2,1,Est. 18.1,#9DC8E2,SNT - INAI reportó 1 acción(es) a lo largo de <br>1 línea(s) de acción en esta estrategia.,SNT - INAI,"Fortalecer los sistemas institucionales de archivos de los entes públicos a nivel nacional, en concordancia con lo establecido en la Ley General de Archivos y las leyes estatales."
18.1_SRE,SRE_2,5,Est. 18.1,#9DC8E2,SRE reportó 5 acción(es) a lo largo de <br>5 línea(s) de acción en esta estrategia.,SRE,"Fortalecer los sistemas institucionales de archivos de los entes públicos a nivel nacional, en concordancia con lo establecido en la Ley General de Archivos y las leyes estatales."
18.2_AGN,AGN_2,2,Est. 18.2,#9DC8E2,AGN reportó 2 acción(es) a lo largo de <br>2 línea(s) de acción en esta estrategia.,AGN,"Colaborar con el Consejo Nacional de Archivos en el diseño de una política nacional de archivos que defina los objetivos, directrices y criterios mínimos que se deben seguir en materia de gestión documental y administración de archivos a escala nacional."
18.2_CC del SNA,CC del SNA_2,3,Est. 18.2,#9DC8E2,CC del SNA reportó 3 acción(es) a lo largo de <br>2 línea(s) de acción en esta estrategia.,CC del SNA,"Colaborar con el Consejo Nacional de Archivos en el diseño de una política nacional de archivos que defina los objetivos, directrices y criterios mínimos que se deben seguir en materia de gestión documental y administración de archivos a escala nacional."
18.2_Secretaría de Seguridad y Protección Ciudadana (SSPC),Secretaría de Seguridad y Protección Ciudadana (SSPC)_2,2,Est. 18.2,#9DC8E2,Secretaría de Seguridad y Protección Ciudadana (SSPC) reportó 2 acción(es) a lo largo de <br>1 línea(s) de acción en esta estrategia.,Secretaría de Seguridad y Protección Ciudadana (SSPC),"Colaborar con el Consejo Nacional de Archivos en el diseño de una política nacional de archivos que defina los objetivos, directrices y criterios mínimos que se deben seguir en materia de gestión documental y administración de archivos a escala nacional."
18.2_SNT - INAI,SNT - INAI_2,2,Est. 18.2,#9DC8E2,SNT - INAI reportó 2 acción(es) a lo largo de <br>1 línea(s) de acción en esta estrategia.,SNT - INAI,"Colaborar con el Consejo Nacional de Archivos en el diseño de una política nacional de archivos que defina los objetivos, directrices y criterios mínimos que se deben seguir en materia de gestión documental y administración de archivos a escala nacional."
18.2_SRE,SRE_2,1,Est. 18.2,#9DC8E2,SRE reportó 1 acción(es) a lo largo de <br>1 línea(s) de acción en esta estrategia.,SRE,"Colaborar con el Consejo Nacional de Archivos en el diseño de una política nacional de archivos que defina los objetivos, directrices y criterios mínimos que se deben seguir en materia de gestión documental y administración de archivos a escala nacional."
19.1_ASF,ASF_2,2,Est. 19.1,#9DC8E2,ASF reportó 2 acción(es) a lo largo de <br>2 línea(s) de acción en esta estrategia.,ASF,Fortalecer la coordinación y capacidades de las instancias de auditoría gubernamental y control interno a nivel nacional.
24.1_SFP,SFP_3,2,Est. 24.1,#CAC0D5,SFP reportó 2 acción(es) a lo largo de <br>2 línea(s) de acción en esta estrategia.,SFP,"Desarrollar bases generales para el establecimiento de un catálogo nacional de información sobre programas sociales (reglas de operación, características, población atendida, etc.), así como de un padrón único de beneficiarios."
19.2_ASF,ASF_2,1,Est. 19.2,#9DC8E2,ASF reportó 1 acción(es) a lo largo de <br>1 línea(s) de acción en esta estrategia.,ASF,Impulsar la adopción de marcos normativos armónicos en materia de auditoría gubernamental y control interno a nivel nacional.
24.2_SFP,SFP_3,2,Est. 24.2,#CAC0D5,SFP reportó 2 acción(es) a lo largo de <br>2 línea(s) de acción en esta estrategia.,SFP,"Desarrollar un sistema único de información en coordinación con los entes públicos responsables de la política social que integre información sobre los programas sociales como reglas de operación, características básicas de la población potencial y atendida, y padrones de beneficiarios."
19.3_ASF,ASF_2,1,Est. 19.3,#9DC8E2,ASF reportó 1 acción(es) a lo largo de <br>1 línea(s) de acción en esta estrategia.,ASF,Fortalecer la labor de fiscalización a cargo de la Auditoría Superior de la Federación.
20.1_ASF,ASF_2,3,Est. 20.1,#9DC8E2,ASF reportó 3 acción(es) a lo largo de <br>3 línea(s) de acción en esta estrategia.,ASF,"Incorporar tecnologías, sistemas de información y metodologías analíticas a los procesos de auditoría gubernamental y control interno."
25.2_SFP,SFP_3,1,Est. 25.2,#CAC0D5,SFP reportó 1 acción(es) a lo largo de <br>1 línea(s) de acción en esta estrategia.,SFP,"Fortalecer los procesos de compras públicas, así como las capacidades de quienes intervienen en la planeación, ejecución, seguimiento y evaluación de estos."
26.1_SFP,SFP_3,3,Est. 26.1,#CAC0D5,SFP reportó 3 acción(es) a lo largo de <br>3 línea(s) de acción en esta estrategia.,SFP,"Impulsar, en conjunto con los organismos empresariales del país y sociedad civil, el establecimiento de una coalición de empresas íntegras a nivel nacional."
ASF_3,Eje 3,2,ASF,#A797B9,,,
CC del SNA_3,Eje 3,3,CC del SNA,#A797B9,,,
CNDH_3,Eje 3,2,CNDH,#A797B9,,,
CONAMER_3,Eje 3,6,CONAMER,#A797B9,,,
CONEVAL_3,Eje 3,5,CONEVAL,#A797B9,,,
CPC_3,Eje 3,15,CPC,#A797B9,,,
INAI_3,Eje 3,23,INAI,#A797B9,,,
INMUJERES_3,Eje 3,3,INMUJERES,#A797B9,,,
Secretaría de Agricultura y Desarrollo Rural (SADER)_3,Eje 3,2,Secretaría de Agricultura y Desarrollo Rural (SADER),#A797B9,,,
Secretaría de Bienestar_3,Eje 3,9,Secretaría de Bienestar,#A797B9,,,
Secretaría de Economía_3,Eje 3,5,Secretaría de Economía,#A797B9,,,
Secretaría de Energía_3,Eje 3,6,Secretaría de Energía,#A797B9,,,
Secretaría de Seguridad y Protección Ciudadana (SSPC)_3,Eje 3,1,Secretaría de Seguridad y Protección Ciudadana (SSPC),#A797B9,,,
SEGOB_3,Eje 3,4,SEGOB,#A797B9,,,
SESNA_3,Eje 3,3,SESNA,#A797B9,,,
SFP_3,Eje 3,25,SFP,#A797B9,,,
4.2_SHCP (SAT),SHCP (SAT)_1,1,Est. 4.2,#B4E395,SHCP (SAT) reportó 1 acción(es) a lo largo de <br>1 línea(s) de acción en esta estrategia.,SHCP (SAT),"Impulsar el desarrollo de guías, herramientas y esquemas de colaboración que faciliten la publicación y, a su vez, permitan la accesibilidad a información pública relacionada con actos de corrupción, salvaguardando la información reservada y confidencial, y el debido proceso."
SRE_3,Eje 3,10,SRE,#A797B9,,,
21.1_CC del SNA,CC del SNA_3,2,Est. 21.1,#CAC0D5,CC del SNA reportó 2 acción(es) a lo largo de <br>1 línea(s) de acción en esta estrategia.,CC del SNA,Desarrollar bases generales para la simplificación de trámites gubernamentales y procedimientos para el acceso a servicios o programas que involucren contacto entre personas servidoras públicas y ciudadanos.
21.1_CONAMER,CONAMER_3,2,Est. 21.1,#CAC0D5,CONAMER reportó 2 acción(es) a lo largo de <br>2 línea(s) de acción en esta estrategia.,CONAMER,Desarrollar bases generales para la simplificación de trámites gubernamentales y procedimientos para el acceso a servicios o programas que involucren contacto entre personas servidoras públicas y ciudadanos.
21.1_CPC,CPC_3,3,Est. 21.1,#CAC0D5,CPC reportó 3 acción(es) a lo largo de <br>1 línea(s) de acción en esta estrategia.,CPC,Desarrollar bases generales para la simplificación de trámites gubernamentales y procedimientos para el acceso a servicios o programas que involucren contacto entre personas servidoras públicas y ciudadanos.
27.1_SFP,SFP_3,3,Est. 27.1,#CAC0D5,SFP reportó 3 acción(es) a lo largo de <br>3 línea(s) de acción en esta estrategia.,SFP,Impulsar la adopción de un marco normativo armónico a nivel nacional que regule las actividades de cabildeo legislativo y parlamento abierto.
22.1_CNDH,CNDH_3,2,Est. 22.1,#CAC0D5,CNDH reportó 2 acción(es) a lo largo de <br>2 línea(s) de acción en esta estrategia.,CNDH,"Fortalecer las acciones de evaluación (interna y externa), el control interno, así como el seguimiento de programas presupuestarios, con base en metodologías con enfoque de Derechos Humanos e identificación de riesgos de corrupción."
22.1_CONEVAL,CONEVAL_3,2,Est. 22.1,#CAC0D5,CONEVAL reportó 2 acción(es) a lo largo de <br>1 línea(s) de acción en esta estrategia.,CONEVAL,"Fortalecer las acciones de evaluación (interna y externa), el control interno, así como el seguimiento de programas presupuestarios, con base en metodologías con enfoque de Derechos Humanos e identificación de riesgos de corrupción."
22.1_INMUJERES,INMUJERES_3,3,Est. 22.1,#CAC0D5,INMUJERES reportó 3 acción(es) a lo largo de <br>2 línea(s) de acción en esta estrategia.,INMUJERES,"Fortalecer las acciones de evaluación (interna y externa), el control interno, así como el seguimiento de programas presupuestarios, con base en metodologías con enfoque de Derechos Humanos e identificación de riesgos de corrupción."
22.1_Secretaría de Bienestar,Secretaría de Bienestar_3,3,Est. 22.1,#CAC0D5,Secretaría de Bienestar reportó 3 acción(es) a lo largo de <br>1 línea(s) de acción en esta estrategia.,Secretaría de Bienestar,"Fortalecer las acciones de evaluación (interna y externa), el control interno, así como el seguimiento de programas presupuestarios, con base en metodologías con enfoque de Derechos Humanos e identificación de riesgos de corrupción."
22.1_Secretaría de Energía,Secretaría de Energía_3,2,Est. 22.1,#CAC0D5,Secretaría de Energía reportó 2 acción(es) a lo largo de <br>1 línea(s) de acción en esta estrategia.,Secretaría de Energía,"Fortalecer las acciones de evaluación (interna y externa), el control interno, así como el seguimiento de programas presupuestarios, con base en metodologías con enfoque de Derechos Humanos e identificación de riesgos de corrupción."
22.1_SESNA,SESNA_3,3,Est. 22.1,#CAC0D5,SESNA reportó 3 acción(es) a lo largo de <br>1 línea(s) de acción en esta estrategia.,SESNA,"Fortalecer las acciones de evaluación (interna y externa), el control interno, así como el seguimiento de programas presupuestarios, con base en metodologías con enfoque de Derechos Humanos e identificación de riesgos de corrupción."
28.1_SFP,SFP_3,3,Est. 28.1,#CAC0D5,SFP reportó 3 acción(es) a lo largo de <br>3 línea(s) de acción en esta estrategia.,SFP,"Desarrollar mecanismos homologados de transparencia proactiva y gobierno abierto para la publicación de información en materia de infraestructura, obra pública y asociaciones público-privadas."
22.1_SRE,SRE_3,4,Est. 22.1,#CAC0D5,SRE reportó 4 acción(es) a lo largo de <br>2 línea(s) de acción en esta estrategia.,SRE,"Fortalecer las acciones de evaluación (interna y externa), el control interno, así como el seguimiento de programas presupuestarios, con base en metodologías con enfoque de Derechos Humanos e identificación de riesgos de corrupción."
23.1_CONAMER,CONAMER_3,2,Est. 23.1,#CAC0D5,CONAMER reportó 2 acción(es) a lo largo de <br>2 línea(s) de acción en esta estrategia.,CONAMER,Promover la identificación de áreas de mejora en los trámites y servicios de alto impacto en la población para el desarrollo de acciones que permitan transparentar y reducir los riesgos de corrupción en su gestión.
23.1_INAI,INAI_3,4,Est. 23.1,#CAC0D5,INAI reportó 4 acción(es) a lo largo de <br>1 línea(s) de acción en esta estrategia.,INAI,Promover la identificación de áreas de mejora en los trámites y servicios de alto impacto en la población para el desarrollo de acciones que permitan transparentar y reducir los riesgos de corrupción en su gestión.
23.1_Secretaría de Agricultura y Desarrollo Rural (SADER),Secretaría de Agricultura y Desarrollo Rural (SADER)_3,2,Est. 23.1,#CAC0D5,Secretaría de Agricultura y Desarrollo Rural (SADER) reportó 2 acción(es) a lo largo de <br>1 línea(s) de acción en esta estrategia.,Secretaría de Agricultura y Desarrollo Rural (SADER),Promover la identificación de áreas de mejora en los trámites y servicios de alto impacto en la población para el desarrollo de acciones que permitan transparentar y reducir los riesgos de corrupción en su gestión.
23.1_Secretaría de Seguridad y Protección Ciudadana (SSPC),Secretaría de Seguridad y Protección Ciudadana (SSPC)_3,1,Est. 23.1,#CAC0D5,Secretaría de Seguridad y Protección Ciudadana (SSPC) reportó 1 acción(es) a lo largo de <br>1 línea(s) de acción en esta estrategia.,Secretaría de Seguridad y Protección Ciudadana (SSPC),Promover la identificación de áreas de mejora en los trámites y servicios de alto impacto en la población para el desarrollo de acciones que permitan transparentar y reducir los riesgos de corrupción en su gestión.
29.2_SFP,SFP_3,1,Est. 29.2,#CAC0D5,SFP reportó 1 acción(es) a lo largo de <br>1 línea(s) de acción en esta estrategia.,SFP,"Establecer un registro nacional de proveedores y contratistas que permita la identificación y conocimiento de la idoneidad, oportunidad, integridad, desempeño y cumplimiento de las personas físicas y morales que participan en contrataciones públicas."
23.2_CONAMER,CONAMER_3,2,Est. 23.2,#CAC0D5,CONAMER reportó 2 acción(es) a lo largo de <br>2 línea(s) de acción en esta estrategia.,CONAMER,"Fomentar esquemas de participación ciudadana, incluyendo el uso de tecnologías de la información, para la identificación de aspectos susceptibles de mejora y simplificación de trámites y procedimientos en el acceso a servicios o programas que involucren contacto entre personas servidoras públicas y ciudadanos."
23.2_CPC,CPC_3,2,Est. 23.2,#CAC0D5,CPC reportó 2 acción(es) a lo largo de <br>2 línea(s) de acción en esta estrategia.,CPC,"Fomentar esquemas de participación ciudadana, incluyendo el uso de tecnologías de la información, para la identificación de aspectos susceptibles de mejora y simplificación de trámites y procedimientos en el acceso a servicios o programas que involucren contacto entre personas servidoras públicas y ciudadanos."
23.2_INAI,INAI_3,8,Est. 23.2,#CAC0D5,INAI reportó 8 acción(es) a lo largo de <br>2 línea(s) de acción en esta estrategia.,INAI,"Fomentar esquemas de participación ciudadana, incluyendo el uso de tecnologías de la información, para la identificación de aspectos susceptibles de mejora y simplificación de trámites y procedimientos en el acceso a servicios o programas que involucren contacto entre personas servidoras públicas y ciudadanos."
23.2_Secretaría de Energía,Secretaría de Energía_3,2,Est. 23.2,#CAC0D5,Secretaría de Energía reportó 2 acción(es) a lo largo de <br>1 línea(s) de acción en esta estrategia.,Secretaría de Energía,"Fomentar esquemas de participación ciudadana, incluyendo el uso de tecnologías de la información, para la identificación de aspectos susceptibles de mejora y simplificación de trámites y procedimientos en el acceso a servicios o programas que involucren contacto entre personas servidoras públicas y ciudadanos."
23.2_SRE,SRE_3,2,Est. 23.2,#CAC0D5,SRE reportó 2 acción(es) a lo largo de <br>1 línea(s) de acción en esta estrategia.,SRE,"Fomentar esquemas de participación ciudadana, incluyendo el uso de tecnologías de la información, para la identificación de aspectos susceptibles de mejora y simplificación de trámites y procedimientos en el acceso a servicios o programas que involucren contacto entre personas servidoras públicas y ciudadanos."
24.1_CONEVAL,CONEVAL_3,1,Est. 24.1,#CAC0D5,CONEVAL reportó 1 acción(es) a lo largo de <br>1 línea(s) de acción en esta estrategia.,CONEVAL,"Desarrollar bases generales para el establecimiento de un catálogo nacional de información sobre programas sociales (reglas de operación, características, población atendida, etc.), así como de un padrón único de beneficiarios."
24.1_CPC,CPC_3,1,Est. 24.1,#CAC0D5,CPC reportó 1 acción(es) a lo largo de <br>1 línea(s) de acción en esta estrategia.,CPC,"Desarrollar bases generales para el establecimiento de un catálogo nacional de información sobre programas sociales (reglas de operación, características, población atendida, etc.), así como de un padrón único de beneficiarios."
24.1_Secretaría de Bienestar,Secretaría de Bienestar_3,4,Est. 24.1,#CAC0D5,Secretaría de Bienestar reportó 4 acción(es) a lo largo de <br>2 línea(s) de acción en esta estrategia.,Secretaría de Bienestar,"Desarrollar bases generales para el establecimiento de un catálogo nacional de información sobre programas sociales (reglas de operación, características, población atendida, etc.), así como de un padrón único de beneficiarios."
3.1_SFP,SFP_1,3,Est. 3.1,#B4E395,SFP reportó 3 acción(es) a lo largo de <br>1 línea(s) de acción en esta estrategia.,SFP,"Impulsar la homologación de capacidades técnicas a escala nacional de las instancias encargadas de la administración, la generación de información, así como del aprovechamiento de la información de la Plataforma Digital Nacional."
24.2_CONEVAL,CONEVAL_3,2,Est. 24.2,#CAC0D5,CONEVAL reportó 2 acción(es) a lo largo de <br>1 línea(s) de acción en esta estrategia.,CONEVAL,"Desarrollar un sistema único de información en coordinación con los entes públicos responsables de la política social que integre información sobre los programas sociales como reglas de operación, características básicas de la población potencial y atendida, y padrones de beneficiarios."
24.2_Secretaría de Bienestar,Secretaría de Bienestar_3,2,Est. 24.2,#CAC0D5,Secretaría de Bienestar reportó 2 acción(es) a lo largo de <br>2 línea(s) de acción en esta estrategia.,Secretaría de Bienestar,"Desarrollar un sistema único de información en coordinación con los entes públicos responsables de la política social que integre información sobre los programas sociales como reglas de operación, características básicas de la población potencial y atendida, y padrones de beneficiarios."
3.2_SFP,SFP_1,2,Est. 3.2,#B4E395,SFP reportó 2 acción(es) a lo largo de <br>1 línea(s) de acción en esta estrategia.,SFP,"Implementar mecanismos de inteligencia anticorrupción en los entes públicos encargados de la prevención, detección y sanción de faltas administrativas y delitos por hechos de corrupción en los tres órdenes de gobierno."
25.2_CC del SNA,CC del SNA_3,1,Est. 25.2,#CAC0D5,CC del SNA reportó 1 acción(es) a lo largo de <br>1 línea(s) de acción en esta estrategia.,CC del SNA,"Fortalecer los procesos de compras públicas, así como las capacidades de quienes intervienen en la planeación, ejecución, seguimiento y evaluación de estos."
30.2_SFP,SFP_3,1,Est. 30.2,#CAC0D5,SFP reportó 1 acción(es) a lo largo de <br>1 línea(s) de acción en esta estrategia.,SFP,"Generar criterios y estándares que incentiven la libre competencia y mayor concurrencia de las personas físicas y morales que participan en los procedimientos de contratación pública, para garantizar la mejor asignación y uso de los recursos públicos."
SHCP (SAT)_1,Eje 1,2,SHCP (SAT),#8FD561,,,
25.2_SRE,SRE_3,2,Est. 25.2,#CAC0D5,SRE reportó 2 acción(es) a lo largo de <br>2 línea(s) de acción en esta estrategia.,SRE,"Fortalecer los procesos de compras públicas, así como las capacidades de quienes intervienen en la planeación, ejecución, seguimiento y evaluación de estos."
26.1_CPC,CPC_3,3,Est. 26.1,#CAC0D5,CPC reportó 3 acción(es) a lo largo de <br>3 línea(s) de acción en esta estrategia.,CPC,"Impulsar, en conjunto con los organismos empresariales del país y sociedad civil, el establecimiento de una coalición de empresas íntegras a nivel nacional."
26.1_Secretaría de Economía,Secretaría de Economía_3,5,Est. 26.1,#CAC0D5,Secretaría de Economía reportó 5 acción(es) a lo largo de <br>3 línea(s) de acción en esta estrategia.,Secretaría de Economía,"Impulsar, en conjunto con los organismos empresariales del país y sociedad civil, el establecimiento de una coalición de empresas íntegras a nivel nacional."
26.1_SEGOB,SEGOB_3,2,Est. 26.1,#CAC0D5,SEGOB reportó 2 acción(es) a lo largo de <br>2 línea(s) de acción en esta estrategia.,SEGOB,"Impulsar, en conjunto con los organismos empresariales del país y sociedad civil, el establecimiento de una coalición de empresas íntegras a nivel nacional."
30.3_SFP,SFP_3,2,Est. 30.3,#CAC0D5,SFP reportó 2 acción(es) a lo largo de <br>2 línea(s) de acción en esta estrategia.,SFP,"Impulsar a nivel nacional la aplicación y uso del Estándar de Datos de Contrataciones Abiertas para fomentar la apertura y transparencia en los procedimientos de contratación pública, así como la identificación de riesgos a la integridad en dichos procesos."
27.1_ASF,ASF_3,2,Est. 27.1,#CAC0D5,ASF reportó 2 acción(es) a lo largo de <br>2 línea(s) de acción en esta estrategia.,ASF,Impulsar la adopción de un marco normativo armónico a nivel nacional que regule las actividades de cabildeo legislativo y parlamento abierto.
27.1_CPC,CPC_3,2,Est. 27.1,#CAC0D5,CPC reportó 2 acción(es) a lo largo de <br>2 línea(s) de acción en esta estrategia.,CPC,Impulsar la adopción de un marco normativo armónico a nivel nacional que regule las actividades de cabildeo legislativo y parlamento abierto.
27.1_INAI,INAI_3,2,Est. 27.1,#CAC0D5,INAI reportó 2 acción(es) a lo largo de <br>2 línea(s) de acción en esta estrategia.,INAI,Impulsar la adopción de un marco normativo armónico a nivel nacional que regule las actividades de cabildeo legislativo y parlamento abierto.
27.1_SEGOB,SEGOB_3,2,Est. 27.1,#CAC0D5,SEGOB reportó 2 acción(es) a lo largo de <br>2 línea(s) de acción en esta estrategia.,SEGOB,Impulsar la adopción de un marco normativo armónico a nivel nacional que regule las actividades de cabildeo legislativo y parlamento abierto.
31.1_SFP,SFP_4,1,Est. 31.1,#F4B9CF,SFP reportó 1 acción(es) a lo largo de <br>1 línea(s) de acción en esta estrategia.,SFP,"Desarrollar un mecanismo de vinculación entre las organizaciones de la sociedad civil y los integrantes de los sistemas nacional y estatales anticorrupción para fomentar la participación ciudadana y el intercambio de buenas prácticas en materia de vigilancia ciudadana con perspectiva de género, y que incluya representantes de otros sectores gremiales, grupos sociales, comunidades y pueblos originarios."
28.1_CPC,CPC_3,1,Est. 28.1,#CAC0D5,CPC reportó 1 acción(es) a lo largo de <br>1 línea(s) de acción en esta estrategia.,CPC,"Desarrollar mecanismos homologados de transparencia proactiva y gobierno abierto para la publicación de información en materia de infraestructura, obra pública y asociaciones público-privadas."
33.1_SFP,SFP_4,2,Est. 33.1,#F4B9CF,SFP reportó 2 acción(es) a lo largo de <br>1 línea(s) de acción en esta estrategia.,SFP,"Elaborar un catálogo de mecanismos de participación ciudadana que contenga estándares para su identificación, clasificación y difusión de los mecanismos."
29.1_INAI,INAI_3,5,Est. 29.1,#CAC0D5,INAI reportó 5 acción(es) a lo largo de <br>2 línea(s) de acción en esta estrategia.,INAI,"Impulsar la creación de un sistema nacional único de información de contrataciones públicas, vinculado a la Plataforma Digital Nacional, que permita que los procesos de contratación pública sean abiertos, transparentes, competitivos e íntegros."
29.1_Secretaría de Energía,Secretaría de Energía_3,1,Est. 29.1,#CAC0D5,Secretaría de Energía reportó 1 acción(es) a lo largo de <br>1 línea(s) de acción en esta estrategia.,Secretaría de Energía,"Impulsar la creación de un sistema nacional único de información de contrataciones públicas, vinculado a la Plataforma Digital Nacional, que permita que los procesos de contratación pública sean abiertos, transparentes, competitivos e íntegros."
SHCP_1,Eje 1,12,SHCP,#8FD561,,,
34.1_SFP,SFP_4,3,Est. 34.1,#F4B9CF,SFP reportó 3 acción(es) a lo largo de <br>2 línea(s) de acción en esta estrategia.,SFP,Desarrollar metodologías y herramientas digitales estandarizadas a nivel nacional que promuevan y faciliten la participación ciudadana a través de medios digitales incluyentes.
SHCP_2,Eje 2,6,SHCP,#6BACD4,,,
30.1_CPC,CPC_3,2,Est. 30.1,#CAC0D5,CPC reportó 2 acción(es) a lo largo de <br>1 línea(s) de acción en esta estrategia.,CPC,Impulsar la adopción de marcos normativos armónicos en materia de adquisiciones y obras públicas.
30.2_CPC,CPC_3,1,Est. 30.2,#CAC0D5,CPC reportó 1 acción(es) a lo largo de <br>1 línea(s) de acción en esta estrategia.,CPC,"Generar criterios y estándares que incentiven la libre competencia y mayor concurrencia de las personas físicas y morales que participan en los procedimientos de contratación pública, para garantizar la mejor asignación y uso de los recursos públicos."
36.1_SFP,SFP_4,3,Est. 36.1,#F4B9CF,SFP reportó 3 acción(es) a lo largo de <br>3 línea(s) de acción en esta estrategia.,SFP,"Promover la generación de estándares de datos, esquemas de implementación de integridad corporativa y un modelo de protección a denunciantes para mejorar la colaboración entre sectores y la medición del cumplimiento de objetivos."
SHCP_3,Eje 3,12,SHCP,#A797B9,,,
30.3_INAI,INAI_3,4,Est. 30.3,#CAC0D5,INAI reportó 4 acción(es) a lo largo de <br>2 línea(s) de acción en esta estrategia.,INAI,"Impulsar a nivel nacional la aplicación y uso del Estándar de Datos de Contrataciones Abiertas para fomentar la apertura y transparencia en los procedimientos de contratación pública, así como la identificación de riesgos a la integridad en dichos procesos."
30.3_Secretaría de Energía,Secretaría de Energía_3,1,Est. 30.3,#CAC0D5,Secretaría de Energía reportó 1 acción(es) a lo largo de <br>1 línea(s) de acción en esta estrategia.,Secretaría de Energía,"Impulsar a nivel nacional la aplicación y uso del Estándar de Datos de Contrataciones Abiertas para fomentar la apertura y transparencia en los procedimientos de contratación pública, así como la identificación de riesgos a la integridad en dichos procesos."
36.2_SFP,SFP_4,4,Est. 36.2,#F4B9CF,SFP reportó 4 acción(es) a lo largo de <br>3 línea(s) de acción en esta estrategia.,SFP,Fomentar la adopción de políticas de integridad en los negocios y cumplimiento normativo orientadas a la prevención y sanción de actos de corrupción.
30.3_SRE,SRE_3,2,Est. 30.3,#CAC0D5,SRE reportó 2 acción(es) a lo largo de <br>2 línea(s) de acción en esta estrategia.,SRE,"Impulsar a nivel nacional la aplicación y uso del Estándar de Datos de Contrataciones Abiertas para fomentar la apertura y transparencia en los procedimientos de contratación pública, así como la identificación de riesgos a la integridad en dichos procesos."
CC del SNA_4,Eje 4,1,CC del SNA,#E874A0,,,
CONACYT_4,Eje 4,1,CONACYT,#E874A0,,,
CPC_4,Eje 4,8,CPC,#E874A0,,,
INAI_4,Eje 4,1,INAI,#E874A0,,,
Secretaría de Agricultura y Desarrollo Rural (SADER)_4,Eje 4,1,Secretaría de Agricultura y Desarrollo Rural (SADER),#E874A0,,,
Secretaría de Bienestar_4,Eje 4,2,Secretaría de Bienestar,#E874A0,,,
Secretaría de Economía_4,Eje 4,5,Secretaría de Economía,#E874A0,,,
SEGOB_4,Eje 4,3,SEGOB,#E874A0,,,
SEP_4,Eje 4,5,SEP,#E874A0,,,
SESNA_4,Eje 4,7,SESNA,#E874A0,,,
SFP_4,Eje 4,18,SFP,#E874A0,,,
SNT - INAI_4,Eje 4,2,SNT - INAI,#E874A0,,,
31.1_CC del SNA,CC del SNA_4,1,Est. 31.1,#F4B9CF,CC del SNA reportó 1 acción(es) a lo largo de<br>1 línea(s) de acción en esta estrategia.,CC del SNA,"Desarrollar un mecanismo de vinculación entre las organizaciones de la sociedad civil y los integrantes de los sistemas nacional y estatales anticorrupción para fomentar la participación ciudadana y el intercambio de buenas prácticas en materia de vigilancia ciudadana con perspectiva de género, y que incluya representantes de otros sectores gremiales, grupos sociales, comunidades y pueblos originarios."
31.1_CPC,CPC_4,2,Est. 31.1,#F4B9CF,CPC reportó 2 acción(es) a lo largo de <br>2 línea(s) de acción en esta estrategia.,CPC,"Desarrollar un mecanismo de vinculación entre las organizaciones de la sociedad civil y los integrantes de los sistemas nacional y estatales anticorrupción para fomentar la participación ciudadana y el intercambio de buenas prácticas en materia de vigilancia ciudadana con perspectiva de género, y que incluya representantes de otros sectores gremiales, grupos sociales, comunidades y pueblos originarios."
37.1_SFP,SFP_4,1,Est. 37.1,#F4B9CF,SFP reportó 1 acción(es) a lo largo de <br>1 línea(s) de acción en esta estrategia.,SFP,"Establecer alianzas entre los sistemas nacional y estatales anticorrupción con organizaciones de la sociedad civil, sector privado y academia para la formulación y el desarrollo de proyectos de cooperación nacional e internacional en materia de combate a la corrupción."
31.2_CPC,CPC_4,1,Est. 31.2,#F4B9CF,CPC reportó 1 acción(es) a lo largo de <br>1 línea(s) de acción en esta estrategia.,CPC,Conformar mecanismos de difusión y capacitación en las organizaciones de la sociedad civil para el fortalecimiento de una cultura cívica de combate a la corrupción con enfoque de género y el uso de tecnologías de la información y la comunicación.
31.2_SEGOB,SEGOB_4,1,Est. 31.2,#F4B9CF,SEGOB reportó 1 acción(es) a lo largo de <br>1 línea(s) de acción en esta estrategia.,SEGOB,Conformar mecanismos de difusión y capacitación en las organizaciones de la sociedad civil para el fortalecimiento de una cultura cívica de combate a la corrupción con enfoque de género y el uso de tecnologías de la información y la comunicación.
32.1_CPC,CPC_4,1,Est. 32.1,#F4B9CF,CPC reportó 1 acción(es) a lo largo de <br>1 línea(s) de acción en esta estrategia.,CPC,Conformar en el marco del CC del SNA un grupo de trabajo en colaboración con el SNT que impulse el desarrollo e implementación de políticas de gobierno abierto y transparencia proactiva en materia de combate a la corrupción y participación ciudadana en los entes públicos del país a nivel nacional.
33.1_SEGOB,SEGOB_4,1,Est. 33.1,#F4B9CF,SEGOB reportó 1 acción(es) a lo largo de <br>1 línea(s) de acción en esta estrategia.,SEGOB,"Elaborar un catálogo de mecanismos de participación ciudadana que contenga estándares para su identificación, clasificación y difusión de los mecanismos."
38.1_SFP,SFP_4,1,Est. 38.1,#F4B9CF,SFP reportó 1 acción(es) a lo largo de <br>1 línea(s) de acción en esta estrategia.,SFP,Promover la adopción de bases generales para el fortalecimiento de los esquemas de parlamento abierto en el Congreso de la Unión y las legislaturas de las entidades federativas.
34.1_Secretaría de Agricultura y Desarrollo Rural (SADER),Secretaría de Agricultura y Desarrollo Rural (SADER)_4,1,Est. 34.1,#F4B9CF,Secretaría de Agricultura y Desarrollo Rural (SADER) reportó 1 acción(es) a lo largo de <br>1 línea(s) de acción en esta estrategia.,Secretaría de Agricultura y Desarrollo Rural (SADER),Desarrollar metodologías y herramientas digitales estandarizadas a nivel nacional que promuevan y faciliten la participación ciudadana a través de medios digitales incluyentes.
39.1_SFP,SFP_4,1,Est. 39.1,#F4B9CF,SFP reportó 1 acción(es) a lo largo de <br>1 línea(s) de acción en esta estrategia.,SFP,"Elaborar una Estrategia de comunicación con enfoque inclusivo, sobre los costos, implicaciones y herramientas para prevenir y combatir la corrupción."
35.1_CPC,CPC_4,1,Est. 35.1,#F4B9CF,CPC reportó 1 acción(es) a lo largo de <br>1 línea(s) de acción en esta estrategia.,CPC,Fortalecer los mecanismos de comunicación y coordinación entre los comités de participación ciudadana con el sector empresarial y la sociedad civil.
36.1_CPC,CPC_4,3,Est. 36.1,#F4B9CF,CPC reportó 3 acción(es) a lo largo de <br>3 línea(s) de acción en esta estrategia.,CPC,"Promover la generación de estándares de datos, esquemas de implementación de integridad corporativa y un modelo de protección a denunciantes para mejorar la colaboración entre sectores y la medición del cumplimiento de objetivos."
36.1_INAI,INAI_4,1,Est. 36.1,#F4B9CF,INAI reportó 1 acción(es) a lo largo de <br>1 línea(s) de acción en esta estrategia.,INAI,"Promover la generación de estándares de datos, esquemas de implementación de integridad corporativa y un modelo de protección a denunciantes para mejorar la colaboración entre sectores y la medición del cumplimiento de objetivos."
36.1_Secretaría de Economía,Secretaría de Economía_4,2,Est. 36.1,#F4B9CF,Secretaría de Economía reportó 2 acción(es) a lo largo de <br>2 línea(s) de acción en esta estrategia.,Secretaría de Economía,"Promover la generación de estándares de datos, esquemas de implementación de integridad corporativa y un modelo de protección a denunciantes para mejorar la colaboración entre sectores y la medición del cumplimiento de objetivos."
36.1_SESNA,SESNA_4,1,Est. 36.1,#F4B9CF,SESNA reportó 1 acción(es) a lo largo de <br>1 línea(s) de acción en esta estrategia.,SESNA,"Promover la generación de estándares de datos, esquemas de implementación de integridad corporativa y un modelo de protección a denunciantes para mejorar la colaboración entre sectores y la medición del cumplimiento de objetivos."
4.1_SFP,SFP_1,5,Est. 4.1,#B4E395,SFP reportó 5 acción(es) a lo largo de <br>1 línea(s) de acción en esta estrategia.,SFP,"Fomentar la adopción de prácticas orientadas a una cultura de apertura gubernamental y de justicia abierta mediante esquemas de transparencia proactiva de información sobre prevención, denuncia, detección, investigación, resolución y sanción de faltas administrativas y delitos por hechos de corrupción."
4.2_SFP,SFP_1,3,Est. 4.2,#B4E395,SFP reportó 3 acción(es) a lo largo de <br>1 línea(s) de acción en esta estrategia.,SFP,"Impulsar el desarrollo de guías, herramientas y esquemas de colaboración que faciliten la publicación y, a su vez, permitan la accesibilidad a información pública relacionada con actos de corrupción, salvaguardando la información reservada y confidencial, y el debido proceso."
37.1_CONACYT,CONACYT_4,1,Est. 37.1,#F4B9CF,CONACYT reportó 1 acción(es) a lo largo de <br>1 línea(s) de acción en esta estrategia.,CONACYT,"Establecer alianzas entre los sistemas nacional y estatales anticorrupción con organizaciones de la sociedad civil, sector privado y academia para la formulación y el desarrollo de proyectos de cooperación nacional e internacional en materia de combate a la corrupción."
37.1_Secretaría de Bienestar,Secretaría de Bienestar_4,2,Est. 37.1,#F4B9CF,Secretaría de Bienestar reportó 2 acción(es) a lo largo de <br>1 línea(s) de acción en esta estrategia.,Secretaría de Bienestar,"Establecer alianzas entre los sistemas nacional y estatales anticorrupción con organizaciones de la sociedad civil, sector privado y academia para la formulación y el desarrollo de proyectos de cooperación nacional e internacional en materia de combate a la corrupción."
37.1_Secretaría de Economía,Secretaría de Economía_4,3,Est. 37.1,#F4B9CF,Secretaría de Economía reportó 3 acción(es) a lo largo de <br>1 línea(s) de acción en esta estrategia.,Secretaría de Economía,"Establecer alianzas entre los sistemas nacional y estatales anticorrupción con organizaciones de la sociedad civil, sector privado y academia para la formulación y el desarrollo de proyectos de cooperación nacional e internacional en materia de combate a la corrupción."
37.1_SESNA,SESNA_4,2,Est. 37.1,#F4B9CF,SESNA reportó 2 acción(es) a lo largo de <br>1 línea(s) de acción en esta estrategia.,SESNA,"Establecer alianzas entre los sistemas nacional y estatales anticorrupción con organizaciones de la sociedad civil, sector privado y academia para la formulación y el desarrollo de proyectos de cooperación nacional e internacional en materia de combate a la corrupción."
40.1_SFP,SFP_4,2,Est. 40.1,#F4B9CF,SFP reportó 2 acción(es) a lo largo de <br>2 línea(s) de acción en esta estrategia.,SFP,"Establecer mecanismos de coordinación entre el Sistema Nacional Anticorrupción y las autoridades educativas del tipo básica, media superior y superior a nivel nacional, para la elaboración de propuestas de mejora a los contenidos curriculares que contribuyan a la prevención y combate a la corrupción, formación cívica, ética, integridad y Derechos Humanos, entre otros."
37.2_SESNA,SESNA_4,4,Est. 37.2,#F4B9CF,SESNA reportó 4 acción(es) a lo largo de <br>2 línea(s) de acción en esta estrategia.,SESNA,"Sensibilizar y capacitar a los sistemas nacional y estatales anticorrupción, las organizaciones de la sociedad civil, el sector privado y la academia para la formulación, desarrollo e implementación de proyectos en materia de combate a la corrupción."
5.1_SFP,SFP_1,5,Est. 5.1,#B4E395,SFP reportó 5 acción(es) a lo largo de <br>3 línea(s) de acción en esta estrategia.,SFP,Impulsar la adopción de un marco normativo homologado a nivel nacional en materia de protección a denunciantes de faltas administrativas y delitos por hechos de corrupción.
38.1_SNT - INAI,SNT - INAI_4,2,Est. 38.1,#F4B9CF,SNT - INAI reportó 2 acción(es) a lo largo de <br>1 línea(s) de acción en esta estrategia.,SNT - INAI,Promover la adopción de bases generales para el fortalecimiento de los esquemas de parlamento abierto en el Congreso de la Unión y las legislaturas de las entidades federativas.
39.1_SEGOB,SEGOB_4,1,Est. 39.1,#F4B9CF,SEGOB reportó 1 acción(es) a lo largo de <br>1 línea(s) de acción en esta estrategia.,SEGOB,"Elaborar una Estrategia de comunicación con enfoque inclusivo, sobre los costos, implicaciones y herramientas para prevenir y combatir la corrupción."
6.1_SFP,SFP_1,1,Est. 6.1,#B4E395,SFP reportó 1 acción(es) a lo largo de <br>1 línea(s) de acción en esta estrategia.,SFP,"Desarrollar instrumentos de coordinación, colaboración y concertación con entes públicos federales y estatales para la implementación de las medidas de protección."
40.1_SEP,SEP_4,5,Est. 40.1,#F4B9CF,SEP reportó 5 acción(es) a lo largo de <br>2 línea(s) de acción en esta estrategia.,SEP,"Establecer mecanismos de coordinación entre el Sistema Nacional Anticorrupción y las autoridades educativas del tipo básica, media superior y superior a nivel nacional, para la elaboración de propuestas de mejora a los contenidos curriculares que contribuyan a la prevención y combate a la corrupción, formación cívica, ética, integridad y Derechos Humanos, entre otros."
8.1_SFP,SFP_1,2,Est. 8.1,#B4E395,SFP reportó 2 acción(es) a lo largo de <br>2 línea(s) de acción en esta estrategia.,SFP,"Impulsar un modelo de evaluación del desempeño de las instancias responsables de la investigación, substanciación, determinación, resolución y sanción de faltas administrativas y delitos por hechos de corrupción."
Eje 1,PI-PNA,128,Eje 1,#6ac72c,,,
Eje 2,PI-PNA,216,Eje 2,#3a90c5,,,
Eje 3,PI-PNA,136,Eje 3,#72588f,,,
Eje 4,PI-PNA,54,Eje 4,#e14586,,,
